rebalance_date,ticker,rank,momentum_score,weight,entry_price,exit_date,exit_price,stock_return
2016-08-01,AMD,1,0.21613296269311866,0.3333333333333333,6.639999866485596,2016-09-01,7.349999904632568,0.1069277187384583
2016-08-01,NVDA,2,0.12452165022711158,0.3333333333333333,1.392363429069519,2016-09-01,1.5527901649475098,0.11521901001464818
2016-08-01,MELI,3,0.07802434360239101,0.3333333333333333,152.32809448242188,2016-09-01,172.97381591796875,0.13553456114380347
2016-09-01,AMD,1,0.2337979451507275,0.3333333333333333,7.349999904632568,2016-10-03,6.949999809265137,-0.05442178238877515
2016-09-01,NVDA,2,0.12479854374922167,0.3333333333333333,1.5527901649475098,2016-10-03,1.6831116676330566,0.08392731073869997
2016-09-01,MELI,3,0.09265180487207796,0.3333333333333333,172.97381591796875,2016-10-03,185.5913848876953,0.07294496512530158
2016-10-03,AMD,1,0.167465971824695,0.3333333333333333,6.949999809265137,2016-11-01,7.090000152587891,0.020143934843871225
2016-10-03,NVDA,2,0.12161388146076137,0.3333333333333333,1.6831116676330566,2016-11-01,1.6978647708892822,0.008765374003361748
2016-10-03,MU,3,0.09478018097899492,0.3333333333333333,17.29184341430664,2016-11-01,16.560375213623047,-0.042301343075915376
2016-11-01,AMD,1,0.13424858214470295,0.3333333333333333,7.090000152587891,2016-12-01,8.390000343322754,0.18335686357642111
2016-11-01,NVDA,2,0.12850313085319734,0.3333333333333333,1.6978647708892822,2016-12-01,2.1581993103027344,0.2711255615324093
2016-11-01,MU,3,0.08451126316974912,0.3333333333333333,16.560375213623047,2016-12-01,18.023303985595703,0.08833910784637355
2016-12-01,AMD,1,0.12508876740530564,0.3333333333333333,8.390000343322754,2017-01-03,11.43000030517578,0.36233609504824793
2016-12-01,NVDA,2,0.125045206605784,0.3333333333333333,2.1581993103027344,2017-01-03,2.512071132659912,0.163966238274601
2016-12-01,MU,3,0.07698724077193685,0.3333333333333333,18.023303985595703,2017-01-03,21.992725372314453,0.22023827539562824
2017-01-03,NVDA,1,0.15029402832142427,0.3333333333333333,2.512071132659912,2017-02-01,2.806102991104126,0.11704758460914988
2017-01-03,AMD,2,0.14975558508661238,0.3333333333333333,11.43000030517578,2017-02-01,12.0600004196167,0.055118118776920744
2017-01-03,MU,3,0.08375642562510593,0.3333333333333333,21.992725372314453,2017-02-01,24.138357162475582,0.09756097772503258
2017-02-01,NVDA,1,0.11833136366890984,0.3333333333333333,2.806102991104126,2017-03-01,2.5344738960266113,-0.09679940327872139
2017-02-01,MU,2,0.10065008406853738,0.3333333333333333,24.138357162475582,2017-03-01,23.943300247192383,-0.008080786690256914
2017-02-01,CSX,3,0.09294984999143426,0.3333333333333333,13.836553573608398,2017-03-01,14.51400661468506,0.04896111141208048
2017-03-01,AMD,1,0.1323424877521156,0.3333333333333333,14.960000038146973,2017-04-03,14.640000343322754,-0.02139035387755628
2017-03-01,CSX,2,0.10062896896388529,0.3333333333333333,14.51400661468506,2017-04-03,13.74421215057373,-0.053038040049703694
2017-03-01,NVDA,3,0.09406677398024159,0.3333333333333333,2.5344738960266113,2017-04-03,2.6723062992095947,0.05438304312349329
2017-04-03,AMD,1,0.1444158753848432,0.3333333333333333,14.640000343322754,2017-05-01,13.619999885559082,-0.06967216078166893
2017-04-03,MU,2,0.08844529218443233,0.3333333333333333,27.932222366333008,2017-05-01,27.59087562561035,-0.012220536420119776
2017-04-03,NVDA,3,0.08679350266556189,0.3333333333333333,2.6723062992095947,2017-05-01,2.6294023990631104,-0.0160550084244363
2017-05-01,AMD,1,0.12237914642609955,0.3333333333333333,13.619999885559082,2017-06-01,10.93000030517578,-0.19750364192259917
2017-05-01,CSX,2,0.09595201091843099,0.3333333333333333,15.195313453674316,2017-06-01,16.160877227783203,0.06354352459082757
2017-05-01,MU,3,0.0871636320942513,0.3333333333333333,27.59087562561035,2017-06-01,29.999835968017575,0.08731003593706843
2017-06-01,TSLA,1,0.10450820731207792,0.3333333333333333,22.691333770751953,2017-07-03,23.507999420166016,0.0359902003850785
2017-06-01,MELI,2,0.10048621871025841,0.3333333333333333,279.9467468261719,2017-07-03,250.42156982421875,-0.10546711950286125
2017-06-01,NVDA,3,0.08792702601204604,0.3333333333333333,3.563206195831299,2017-07-03,3.439051866531372,-0.034843431021527316
2017-07-03,VRTX,1,0.09948216123325555,0.3333333333333333,128.22999572753906,2017-08-01,153.1999969482422,0.19472823873252687
2017-07-03,TSLA,2,0.09320182143736828,0.3333333333333333,23.507999420166016,2017-08-01,21.30466651916504,-0.0937269421195781
2017-07-03,MELI,3,0.08751437365038002,0.3333333333333333,250.42156982421875,2017-08-01,288.58221435546875,0.15238561341994838
2017-08-01,VRTX,1,0.1015626799928478,0.3333333333333333,153.1999969482422,2017-09-01,162.24000549316406,0.05900788984986716
2017-08-01,MELI,2,0.08123126022720395,0.3333333333333333,288.58221435546875,2017-09-01,251.6503143310547,-0.12797704843626367
2017-08-01,NVDA,3,0.07877128038081462,0.3333333333333333,4.060070037841797,2017-09-01,4.211132049560547,0.03720675020646924
2017-09-01,VRTX,1,0.1019160414604748,0.3333333333333333,162.24000549316406,2017-10-02,152.22999572753906,-0.06169877605216656
2017-09-01,NVDA,2,0.09759017350000034,0.3333333333333333,4.211132049560547,2017-10-02,4.422107696533203,0.05009950875196911
2017-09-01,PYPL,3,0.0666627204268964,0.3333333333333333,61.133155822753906,2017-10-02,63.83869171142578,0.04425644075231716
2017-10-02,NVDA,1,0.09453197802302392,0.3333333333333333,4.422107696533203,2017-11-01,5.1187744140625,0.1575417799244152
2017-10-02,PYPL,2,0.06896509066484802,0.3333333333333333,63.83869171142578,2017-11-01,71.99507904052734,0.1277655777466653
2017-10-02,LRCX,3,0.06665335855626837,0.3333333333333333,16.52858543395996,2017-11-01,18.03700256347656,0.09126111460315145
2017-11-01,NVDA,1,0.1277576188294333,0.3333333333333333,5.1187744140625,2017-12-01,4.886979103088379,-0.04528336125485899
2017-11-01,MU,2,0.08632307250329675,0.3333333333333333,43.28325653076172,2017-12-01,40.95230865478515,-0.05385333874589471
2017-11-01,PYPL,3,0.07295963528831262,0.3333333333333333,71.99507904052734,2017-12-01,74.8995590209961,0.040342757021403663
2017-12-01,PYPL,1,0.06455923698915389,0.3333333333333333,74.8995590209961,2018-01-02,73.44731140136719,-0.0193892679557941
2017-12-01,MU,2,0.06042875901273984,0.3333333333333333,40.95230865478515,2018-01-02,42.59078598022461,0.04000940067265324
2017-12-01,NVDA,3,0.05871305404269136,0.3333333333333333,4.886979103088379,2018-01-02,4.9282660484313965,0.00844835725140003
2018-01-02,MU,1,0.06036449333862683,0.3333333333333333,42.59078598022461,2018-02-01,41.4399528503418,-0.02702070655416311
2018-01-02,PYPL,2,0.05525486639974129,0.3333333333333333,73.44731140136719,2018-02-01,77.98307037353516,0.06175527579738671
2018-01-02,TXN,3,0.05493047612236779,0.3333333333333333,83.38345336914062,2018-02-01,87.42680358886719,0.04849103816588829
2018-02-01,MU,1,0.08061472788305012,0.3333333333333333,41.4399528503418,2018-03-01,46.44318008422851,0.12073438529130587
2018-02-01,NFLX,2,0.07821723002524565,0.3333333333333333,26.506999969482425,2018-03-01,29.038999557495117,0.09552192216877775
2018-02-01,NVDA,3,0.07683576526484463,0.3333333333333333,5.945562839508057,2018-03-01,5.7441887855529785,-0.03386963680157484
2018-03-01,NFLX,1,0.09759150989208148,0.3333333333333333,29.038999557495117,2018-04-02,28.02899932861328,-0.034780820423310654
2018-03-01,AMZN,2,0.07860492882716898,0.3333333333333333,74.67250061035156,2018-04-02,68.59950256347656,-0.0813284408214009
2018-03-01,MU,3,0.07719969261895537,0.3333333333333333,46.44318008422851,2018-04-02,48.822872161865234,0.05123878410825777
2018-04-02,NFLX,1,0.09352800758250822,0.3333333333333333,28.02899932861328,2018-05-01,31.329999923706055,0.11777090421215863
2018-04-02,AMZN,2,0.07470183269106072,0.3333333333333333,68.59950256347656,2018-05-01,79.11299896240234,0.15325907632052327
2018-04-02,ADBE,3,0.06598452554157201,0.3333333333333333,212.27999877929688,2018-05-01,224.0800018310547,0.05558697531379786
2018-05-01,NFLX,1,0.08932420665379243,0.3333333333333333,31.329999923706055,2018-06-01,35.99300003051758,0.14883498621662095
2018-05-01,MELI,2,0.06551577205119476,0.3333333333333333,339.4599914550781,2018-06-01,296.6600036621094,-0.1260825689929136
2018-05-01,AMZN,3,0.06342821249884822,0.3333333333333333,79.11299896240234,2018-06-01,82.0770034790039,0.03746545517772848
2018-06-01,NFLX,1,0.11771058143989939,0.3333333333333333,35.99300003051758,2018-07-02,39.81800079345703,0.10627068484695168
2018-06-01,PANW,2,0.06171972023908454,0.3333333333333333,34.8650016784668,2018-07-02,34.90666580200195,0.0011950128073818789
2018-06-01,AMZN,3,0.059407718180765734,0.3333333333333333,82.0770034790039,2018-07-02,85.68900299072266,0.0440074485984705
2018-07-02,NFLX,1,0.13269927552233837,0.3333333333333333,39.81800079345703,2018-08-01,33.8380012512207,-0.15018331968135812
2018-07-02,AMD,2,0.08069037196795605,0.3333333333333333,15.15999984741211,2018-08-01,18.479999542236328,0.21899734355148825
2018-07-02,AMZN,3,0.06761634496736235,0.3333333333333333,85.68900299072266,2018-08-01,89.8584976196289,0.04865845655080925
2018-08-01,AMD,1,0.06173026126489587,0.3333333333333333,18.479999542236328,2018-09-04,28.059999465942383,0.5183982771109281
2018-08-01,NFLX,2,0.041697505257193956,0.3333333333333333,33.8380012512207,2018-09-04,36.36000061035156,0.07453157000636601
2018-08-01,CSX,3,0.04003380820622571,0.3333333333333333,21.229238510131836,2018-09-04,22.56416130065918,0.0628813317957797
2018-09-04,AMD,1,0.14369534601309683,0.3333333333333333,28.059999465942383,2018-10-01,31.420000076293945,0.1197434310157326
2018-09-04,CSX,2,0.057077806598149795,0.3333333333333333,22.56416130065918,2018-10-01,22.621450424194336,0.002538943183918896
2018-09-04,ORLY,3,0.055069257374628346,0.3333333333333333,22.91866683959961,2018-10-01,23.052000045776367,0.005817668501833628
2018-10-01,AMD,1,0.20992233773090693,0.3333333333333333,31.420000076293945,2018-11-01,20.219999313354492,-0.3564608763763095
2018-10-01,ORLY,2,0.058804965328432636,0.3333333333333333,23.052000045776367,2018-11-01,21.374000549316406,-0.0727919266496534
2018-10-01,ISRG,3,0.05675373457151892,0.3333333333333333,191.5800018310547,2018-11-01,172.8699951171875,-0.09766158542146097
2018-11-01,AMD,1,0.12774302025673548,0.3333333333333333,20.219999313354492,2018-12-03,23.709999084472656,0.17260137930930397
2018-11-01,AAPL,2,0.05255505022895394,0.3333333333333333,52.542137145996094,2018-12-03,43.851688385009766,-0.16539960559348077
2018-11-01,QCOM,3,0.04365897303308832,0.3333333333333333,52.87177276611328,2018-12-03,49.07921600341797,-0.07173121997388454
2018-12-03,AMD,1,0.11236610825996711,0.3333333333333333,23.709999084472656,2019-01-02,18.829999923706055,-0.20582030152681208
2018-12-03,WDAY,2,0.04727047604247281,0.3333333333333333,167.8000030517578,2019-01-02,159.74000549316406,-0.048033357640092866
2018-12-03,TSLA,3,0.04605921880591696,0.3333333333333333,23.89933204650879,2019-01-02,20.67466735839844,-0.13492697962583466
2019-01-02,AMD,1,0.07484890625113104,0.3333333333333333,18.829999923706055,2019-02-01,24.510000228881836,0.30164632651033285
2019-01-02,WDAY,2,0.05540313686178788,0.3333333333333333,159.74000549316406,2019-02-01,186.05999755859375,0.16476769225199517
2019-01-02,SBUX,3,0.05079576658779524,0.3333333333333333,54.91712951660156,2019-02-01,58.153076171875,0.058924176914512794
2019-02-01,AMD,1,0.09143279960731426,0.3333333333333333,24.510000228881836,2019-03-01,23.68000030517578,-0.033863725661169464
2019-02-01,PDD,2,0.07774718441782512,0.3333333333333333,28.959999084472656,2019-03-01,29.989999771118164,0.03556632317705288
2019-02-01,WDAY,3,0.07421864868681886,0.3333333333333333,186.05999755859375,2019-03-01,189.13999938964844,0.016553809907928985
2019-03-01,PDD,1,0.10581681365395595,0.3333333333333333,29.989999771118164,2019-04-01,24.670000076293945,-0.17739245533264858
2019-03-01,MELI,2,0.06124703666643364,0.3333333333333333,451.6400146484375,2019-04-01,518.1099853515625,0.1471746713029094
2019-03-01,SBUX,3,0.049923391950004094,0.3333333333333333,60.8082275390625,2019-04-01,63.47742462158203,0.043895327828867625
2019-04-01,MELI,1,0.0799699751000831,0.3333333333333333,518.1099853515625,2019-05-01,484.7300109863281,-0.06442642548682875
2019-04-01,CDNS,2,0.06088574603850536,0.3333333333333333,64.80000305175781,2019-05-01,68.54000091552734,0.05771601369805923
2019-04-01,WDAY,3,0.05321505623666978,0.3333333333333333,192.75,2019-05-01,201.17999267578125,0.04373537056177046
2019-05-01,AMD,1,0.0816457579887012,0.3333333333333333,26.809999465942383,2019-06-03,27.579999923706055,0.02872064427833454
2019-05-01,MELI,2,0.08004398468110803,0.3333333333333333,484.7300109863281,2019-06-03,568.77001953125,0.17337488218218078
2019-05-01,WDAY,3,0.07905644649473614,0.3333333333333333,201.17999267578125,2019-06-03,191.8800048828125,-0.04622720017669191
2019-06-03,MELI,1,0.095671676944499,0.3333333333333333,568.77001953125,2019-07-01,619.3099975585938,0.08885837208683411
2019-06-03,MRVL,2,0.06335571950443473,0.3333333333333333,21.583803176879883,2019-07-01,23.437990188598633,0.08590640845469322
2019-06-03,CDNS,3,0.06333381980489437,0.3333333333333333,61.70000076293945,2019-07-01,73.3499984741211,0.1888168163229471
2019-07-01,MELI,1,0.1357168944386243,0.3333333333333333,619.3099975585938,2019-08-01,626.4500122070312,0.011528983346925425
2019-07-01,AMD,2,0.09225806291886969,0.3333333333333333,31.200000762939453,2019-08-01,29.86000061035156,-0.04294872178912246
2019-07-01,CDNS,3,0.08808816575940076,0.3333333333333333,73.3499984741211,2019-08-01,73.04000091552734,-0.004226279005351552
2019-08-01,MELI,1,0.09785301480551652,0.3333333333333333,626.4500122070312,2019-09-03,581.0,-0.07255169817445994
2019-08-01,QCOM,2,0.0925655441515781,0.3333333333333333,60.97586441040039,2019-09-03,64.33296966552734,0.05505629625078923
2019-08-01,CDNS,3,0.07794373529686177,0.3333333333333333,73.04000091552734,2019-09-03,68.13999938964844,-0.06708654798000191
2019-09-03,QCOM,1,0.09004257919548204,0.3333333333333333,64.33296966552734,2019-10-01,65.14588165283203,0.012636009056182118
2019-09-03,SNPS,2,0.05844159907682409,0.3333333333333333,139.27000427246094,2019-10-01,135.99000549316406,-0.023551365539416835
2019-09-03,SBUX,3,0.057000700481973886,0.3333333333333333,83.75608825683594,2019-10-01,74.87589263916016,-0.1060244789661724
2019-10-01,QCOM,1,0.0747143022822896,0.3333333333333333,65.14588165283203,2019-11-01,72.14645385742188,0.10745993494871242
2019-10-01,PDD,2,0.06107845226571643,0.3333333333333333,32.75,2019-11-01,41.4900016784668,0.2668702802585281
2019-10-01,KLAC,3,0.0584827555764121,0.3333333333333333,146.42465209960938,2019-11-01,159.49549865722656,0.08926670728044739
2019-11-01,PDD,1,0.1231461464768956,0.3333333333333333,41.4900016784668,2019-12-02,36.040000915527344,-0.13135696655727036
2019-11-01,TSLA,2,0.06210809691210728,0.3333333333333333,20.88733291625977,2019-12-02,22.32466697692871,0.06881367125383675
2019-11-01,KLAC,3,0.05724307088132441,0.3333333333333333,159.49549865722656,2019-12-02,149.70761108398438,-0.06136779818643934
2019-12-02,PDD,1,0.12411429037102055,0.3333333333333333,36.040000915527344,2020-01-02,41.22999954223633,0.1440066175046335
2019-12-02,TSLA,2,0.10743484182225893,0.3333333333333333,22.32466697692871,2020-01-02,28.68400001525879,0.28485679293232424
2019-12-02,NVDA,3,0.08441992393571747,0.3333333333333333,5.207704067230225,2020-01-02,5.970753192901611,0.14652313492099456
2020-01-02,PDD,1,0.12239925809056891,0.3333333333333333,41.22999954223633,2020-02-03,35.790000915527344,-0.13194272828298748
2020-01-02,TSLA,2,0.11760967912829164,0.3333333333333333,28.68400001525879,2020-02-03,52.0,0.8128573411078648
2020-01-02,LRCX,3,0.0801410375558612,0.3333333333333333,27.715726852416992,2020-02-03,28.69729995727539,0.03541574464509489
2020-02-03,TSLA,1,0.19659923372836965,0.3333333333333333,52.0,2020-03-02,49.574668884277344,-0.04664098299466646
2020-02-03,PDD,2,0.09769215792899472,0.3333333333333333,35.790000915527344,2020-03-02,37.5099983215332,0.048058043084867386
2020-02-03,AMD,3,0.07918689902218817,0.3333333333333333,48.02000045776367,2020-03-02,47.459999084472656,-0.011661836067318854
2020-03-02,TSLA,1,0.2120990395320651,0.3333333333333333,49.574668884277344,2020-04-01,32.104000091552734,-0.35241120487373445
2020-03-02,NVDA,2,0.08439708802780428,0.3333333333333333,6.88375997543335,2020-04-01,6.053016185760498,-0.12068169033167864
2020-03-02,REGN,3,0.08306471860071457,0.3333333333333333,461.63134765625,2020-04-01,493.3172607421875,0.0686389978644435
2020-04-01,TSLA,1,0.16489971272564083,0.3333333333333333,32.104000091552734,2020-05-01,46.75466537475586,0.45635015080435526
2020-04-01,REGN,2,0.10672392093324795,0.3333333333333333,493.3172607421875,2020-05-01,521.9736328125,0.05808913320243336
2020-04-01,AMD,3,0.08135994378231659,0.3333333333333333,43.65999984741211,2020-05-01,49.880001068115234,0.14246452685390487
2020-05-01,TSLA,1,0.1956847291375743,0.3333333333333333,46.75466537475586,2020-06-01,59.87333297729492,0.28058520999750747
2020-05-01,REGN,2,0.10220280723339165,0.3333333333333333,521.9736328125,2020-06-01,595.4473266601562,0.14076131288809557
2020-05-01,AMD,3,0.07828182835057258,0.3333333333333333,49.880001068115234,2020-06-01,53.630001068115234,0.07518043142940334
2020-06-01,TSLA,1,0.19905876600571293,0.3333333333333333,59.87333297729492,2020-07-01,74.64199829101562,0.246665160920994
2020-06-01,PDD,2,0.1220679611807881,0.3333333333333333,65.76000213623047,2020-07-01,85.44999694824219,0.29942205249965337
2020-06-01,REGN,3,0.09562346113588081,0.3333333333333333,595.4473266601562,2020-07-01,605.0822143554688,0.01618092359126755
2020-07-01,TSLA,1,0.20327351258308549,0.3333333333333333,74.64199829101562,2020-08-03,99.0,0.3263310504364707
2020-07-01,PDD,2,0.16067929367338016,0.3333333333333333,85.44999694824219,2020-08-03,96.02999877929688,0.12381512239799242
2020-07-01,CRWD,3,0.13165780097680205,0.3333333333333333,102.9499969482422,2020-08-03,115.4800033569336,0.12170963360971077
2020-08-03,PDD,1,0.1837089997935735,0.3333333333333333,96.02999877929688,2020-09-01,91.36000061035156,-0.048630617810151655
2020-08-03,TSLA,2,0.16491535042553282,0.3333333333333333,99.0,2020-09-01,158.35000610351562,0.5994950111466224
2020-08-03,CRWD,3,0.11561474458737958,0.3333333333333333,115.4800033569336,2020-09-01,143.69000244140625,0.2442847095984162
2020-09-01,TSLA,1,0.28402795982689494,0.3333333333333333,158.35000610351562,2020-10-01,149.3866729736328,-0.05660456447360884
2020-09-01,PDD,2,0.1758665536894127,0.3333333333333333,91.36000061035156,2020-10-01,74.43000030517578,-0.1853108602459611
2020-09-01,CRWD,3,0.13801884295702757,0.3333333333333333,143.69000244140625,2020-10-01,142.8699951171875,-0.0057067806408670485
2020-10-01,TSLA,1,0.2967729027050884,0.3333333333333333,149.3866729736328,2020-11-02,133.50332641601562,-0.106323718451248
2020-10-01,CRWD,2,0.16444885360273823,0.3333333333333333,142.8699951171875,2020-11-02,124.47000122070312,-0.12878837072397176
2020-10-01,MELI,3,0.15293028429294983,0.3333333333333333,1115.3399658203125,2020-11-02,1215.8599853515625,0.09012500458308192
2020-11-02,TSLA,1,0.19883353090440817,0.3333333333333333,133.50332641601562,2020-12-01,194.9199981689453,0.46003851290975684
2020-11-02,MELI,2,0.14080482137339134,0.3333333333333333,1215.8599853515625,2020-12-01,1521.6600341796875,0.25150926300095633
2020-11-02,PDD,3,0.1297876561383328,0.3333333333333333,91.62000274658205,2020-12-01,136.5399932861328,0.4902858458081256
2020-12-01,TSLA,1,0.26463301987269644,0.3333333333333333,194.9199981689453,2021-01-04,243.2566680908203,0.24798209714725927
2020-12-01,PDD,2,0.15197198676044965,0.3333333333333333,136.5399932861328,2021-01-04,166.77999877929688,0.22147361198263127
2020-12-01,AMD,3,0.11239171272622876,0.3333333333333333,92.62999725341795,2021-01-04,92.3000030517578,-0.003562498234317757
2021-01-04,TSLA,1,0.25631079444981036,0.3333333333333333,243.2566680908203,2021-02-01,279.9366760253906,0.15078726606941673
2021-01-04,PDD,2,0.1513497146784889,0.3333333333333333,166.77999877929688,2021-02-01,173.9600067138672,0.04305077339682528
2021-01-04,CRWD,3,0.14217902217110598,0.3333333333333333,200.4900054931641,2021-02-01,215.0099945068359,0.07242250793477534
2021-02-01,TSLA,1,0.22289328997917957,0.3333333333333333,279.9366760253906,2021-03-01,239.47666931152344,-0.14453271106997578
2021-02-01,PDD,2,0.1285584906032953,0.3333333333333333,173.9600067138672,2021-03-01,186.1499938964844,0.07007350374886756
2021-02-01,CRWD,3,0.12385616643928167,0.3333333333333333,215.0099945068359,2021-03-01,223.3999938964844,0.0390214390214394
2021-03-01,PDD,1,0.13923239919771685,0.3333333333333333,186.1499938964844,2021-04-01,143.92999267578125,-0.22680635296814
2021-03-01,MU,2,0.1267554847755695,0.3333333333333333,92.41820526123048,2021-04-01,90.12628173828124,-0.02479948097315743
2021-03-01,AMAT,3,0.12491086618464471,0.3333333333333333,117.14820098876952,2021-04-01,135.61404418945312,0.15762805612741637
2021-04-01,AMAT,1,0.15245848177563132,0.3333333333333333,135.61404418945312,2021-05-03,127.30585479736328,-0.06126348817150007
2021-04-01,PDD,2,0.1306463993055648,0.3333333333333333,143.92999267578125,2021-05-03,133.42999267578125,-0.07295213321974137
2021-04-01,MU,3,0.11539985178379042,0.3333333333333333,90.12628173828124,2021-05-03,82.91890716552734,-0.07996973173356325
2021-05-03,AMAT,1,0.15196495616216216,0.3333333333333333,127.30585479736328,2021-06-01,132.67373657226562,0.04216523885289147
2021-05-03,TSLA,2,0.12211569462935568,0.3333333333333333,228.3000030517578,2021-06-01,207.96665954589844,-0.08906414031562504
2021-05-03,LRCX,3,0.11005672732624738,0.3333333333333333,58.51749801635742,2021-06-01,61.53230667114258,0.051519780526884995
2021-06-01,AMAT,1,0.09296352142751717,0.3333333333333333,132.67373657226562,2021-07-01,132.42416381835938,-0.0018811014173125695
2021-06-01,ASML,2,0.07579239568352684,0.3333333333333333,641.7805786132812,2021-07-01,648.9551391601562,0.011179148740177336
2021-06-01,CRWD,3,0.07574332511060035,0.3333333333333333,222.07000732421875,2021-07-01,251.16000366210935,0.13099471057980216
2021-07-01,AMAT,1,0.09039668077189579,0.3333333333333333,132.42416381835938,2021-08-02,136.32156372070312,0.029431183780700643
2021-07-01,NVDA,2,0.07713066735396164,0.3333333333333333,20.16580390930176,2021-08-02,19.704862594604492,-0.022857571995166248
2021-07-01,GOOG,3,0.06299927285305214,0.3333333333333333,125.33946990966795,2021-08-02,134.8821258544922,0.07613448462564598
2021-08-02,NVDA,1,0.07376842286696822,0.3333333333333333,19.704862594604492,2021-09-01,22.39365577697754,0.13645328250648547
2021-08-02,GOOG,2,0.06819458467131749,0.3333333333333333,134.8821258544922,2021-09-01,144.65440368652344,0.07245050276397169
2021-08-02,GOOGL,3,0.06809984466486958,0.3333333333333333,133.7490692138672,2021-09-01,144.025146484375,0.07683101894396116
2021-09-01,NVDA,1,0.0891710896545357,0.3333333333333333,22.39365577697754,2021-10-01,20.698240280151367,-0.07570963462648173
2021-09-01,REGN,2,0.07060241676928532,0.3333333333333333,676.3905639648438,2021-10-01,566.9597778320312,-0.16178638786939126
2021-09-01,META,3,0.06757408955880255,0.3333333333333333,379.0751953125,2021-10-01,340.3392028808594,-0.10218551071300686
2021-10-01,NVDA,1,0.08113949597645419,0.3333333333333333,20.698240280151367,2021-11-01,25.772518157958984,0.24515503777746805
2021-10-01,PANW,2,0.06940248749494442,0.3333333333333333,81.08499908447266,2021-11-01,84.71833038330078,0.04480892076033682
2021-10-01,INTU,3,0.060474395645227975,0.3333333333333333,526.7904052734375,2021-11-01,590.33349609375,0.12062309826491546
2021-11-01,NVDA,1,0.099424909875672,0.3333333333333333,25.772518157958984,2021-12-01,31.37252426147461,0.2172859504528566
2021-11-01,TSLA,2,0.09010593047642536,0.3333333333333333,402.86334228515625,2021-12-01,365.0,-0.09398557354557135
2021-11-01,MRVL,3,0.07470096768289021,0.3333333333333333,67.77174377441406,2021-12-01,69.72747039794922,0.02885755205067486
2021-12-01,NVDA,1,0.13205364469748063,0.3333333333333333,31.37252426147461,2022-01-03,30.06113624572754,-0.041800525989470705
2021-12-01,AMD,2,0.12685778887824098,0.3333333333333333,149.11000061035156,2022-01-03,150.24000549316406,0.007578330616236695
2021-12-01,TSLA,3,0.11449352116225064,0.3333333333333333,365.0,2022-01-03,399.9266662597656,0.09568949660209758
2022-01-03,TSLA,1,0.0871615433843157,0.3333333333333333,399.9266662597656,2022-02-01,310.4166564941406,-0.2238160575856306
2022-01-03,AMD,2,0.08280439718256788,0.3333333333333333,150.24000549316406,2022-02-01,116.77999877929688,-0.22271036668319089
2022-01-03,NVDA,3,0.07681495126017128,0.3333333333333333,30.06113624572754,2022-02-01,24.58903694152832,-0.18203235098862725
2022-02-01,TSLA,1,0.0663876103746458,0.3333333333333333,310.4166564941406,2022-03-01,288.1233215332031,-0.07181745726121591
2022-02-01,NVDA,2,0.05310118257424745,0.3333333333333333,24.58903694152832,2022-03-01,23.43034553527832,-0.047122276850667943
2022-02-01,PANW,3,0.046454293845465754,0.3333333333333333,85.47666931152344,2022-03-01,96.125,0.12457587285798732
2022-03-01,PANW,1,0.04531882933069459,0.3333333333333333,96.125,2022-04-01,101.85166931152344,0.0595752334098667
2022-03-01,TSLA,2,0.04282535329759043,0.3333333333333333,288.1233215332031,2022-04-01,361.5299987792969,0.2547752013112705
2022-03-01,MAR,3,0.0415643187732466,0.3333333333333333,158.732666015625,2022-04-01,167.1741485595703,0.05318049999307872
2022-04-01,TSLA,1,0.07348643293578415,0.3333333333333333,361.5299987792969,2022-05-02,300.9800109863281,-0.16748261001138298
2022-04-01,VRTX,2,0.06547026990134602,0.3333333333333333,266.1499938964844,2022-05-02,261.9599914550781,-0.01574301160057845
2022-04-01,NVDA,3,0.05999804870626637,0.3333333333333333,26.663454055786133,2022-05-02,19.49750328063965,-0.268755531828459
2022-05-02,VRTX,1,0.07004099289716594,0.3333333333333333,261.9599914550781,2022-06-01,269.4100036621094,0.028439503932068178
2022-05-02,AMGN,2,0.024583040648033166,0.3333333333333333,203.71742248535156,2022-06-01,225.36314392089844,0.10625365848177926
2022-05-02,QCOM,3,0.01996781733132641,0.3333333333333333,132.5447235107422,2022-06-01,128.4271697998047,-0.03106539137790565
2022-06-01,VRTX,1,0.06544174206845388,0.3333333333333333,269.4100036621094,2022-07-01,287.32000732421875,0.06647861407764166
2022-06-01,AMGN,2,0.04805912645269463,0.3333333333333333,225.36314392089844,2022-07-01,218.36447143554688,-0.031055088971460476
2022-06-01,TMUS,3,0.03685792664046861,0.3333333333333333,129.37710571289062,2022-07-01,131.5404510498047,0.016721237694982127
2022-07-01,VRTX,1,0.04447554181870069,0.3333333333333333,287.32000732421875,2022-08-01,273.8299865722656,-0.046951205652485783
2022-07-01,TMUS,2,0.027438445883016655,0.3333333333333333,131.5404510498047,2022-08-01,138.25157165527344,0.051019443463271585
2022-07-01,PDD,3,0.022779389051839776,0.3333333333333333,64.81999969482422,2022-08-01,47.689998626708984,-0.26427030467084434
2022-08-01,TMUS,1,0.04921613910594166,0.3333333333333333,138.25157165527344,2022-09-01,138.37660217285156,0.0009043695929178419
2022-08-01,CDNS,2,0.038988810108294025,0.3333333333333333,185.0399932861328,2022-09-01,170.0399932861328,-0.08106355676745547
2022-08-01,SNPS,3,0.03466438642662032,0.3333333333333333,370.010009765625,2022-09-01,332.489990234375,-0.10140271490227049
2022-09-01,PDD,1,0.08191068977212175,0.3333333333333333,71.41999816894531,2022-10-03,62.650001525878906,-0.12279469151372446
2022-09-01,VRTX,2,0.03559928101925952,0.3333333333333333,290.20001220703125,2022-10-03,297.42999267578125,0.02491378416480594
2022-09-01,ADP,3,0.0345747989565659,0.3333333333333333,226.25927734375,2022-10-03,214.57058715820312,-0.05166060071777101
2022-10-03,PDD,1,0.09928925376431491,0.3333333333333333,62.650001525878906,2022-11-01,53.88999938964844,-0.13982445208101013
2022-10-03,VRTX,2,0.017775721948916468,0.3333333333333333,297.42999267578125,2022-11-01,314.20001220703125,0.05638308154595029
2022-10-03,GILD,3,0.011324363396832108,0.3333333333333333,55.30344772338867,2022-11-01,70.40717315673828,0.27310639851775487
2022-11-01,NFLX,1,0.08264683534369634,0.3333333333333333,28.674999237060547,2022-12-01,31.69499969482422,0.10531824021325598
2022-11-01,PDD,2,0.06626639483161036,0.3333333333333333,53.88999938964844,2022-12-01,83.73999786376953,0.5539060829875402
2022-11-01,ORLY,3,0.05761528581802126,0.3333333333333333,55.599998474121094,2022-12-01,57.14533233642578,0.027793775264651543
2022-12-01,PDD,1,0.12089582982924897,0.3333333333333333,83.73999786376953,2023-01-03,84.52999877929688,0.009433973437789511
2022-12-01,NFLX,2,0.08424235004881588,0.3333333333333333,31.69499969482422,2023-01-03,29.4950008392334,-0.06941154367482383
2022-12-01,GILD,3,0.061368135869149056,0.3333333333333333,78.00341033935547,2023-01-03,76.40447235107422,-0.020498308744771987
2023-01-03,NFLX,1,0.09748498239911134,0.3333333333333333,29.4950008392334,2023-02-01,36.19900131225586,0.22729277105512047
2023-01-03,PDD,2,0.08199902396531167,0.3333333333333333,84.52999877929688,2023-02-01,102.9800033569336,0.21826576178959445
2023-01-03,GILD,3,0.06478987651944389,0.3333333333333333,76.40447235107422,2023-02-01,75.16073608398438,-0.01627831760129106
2023-02-01,PDD,1,0.15007059600833733,0.3333333333333333,102.9800033569336,2023-03-01,91.04000091552734,-0.11594486358697842
2023-02-01,NFLX,2,0.08313753507052146,0.3333333333333333,36.19900131225586,2023-03-01,31.347999572753903,-0.1340092699700961
2023-02-01,MELI,3,0.07434784065732374,0.3333333333333333,1214.2900390625,2023-03-01,1208.719970703125,-0.0045870987821620135
2023-03-01,NVDA,1,0.09320470514745288,0.3333333333333333,22.674074172973633,2023-04-03,27.940261840820312,0.23225590723892542
2023-03-01,MELI,2,0.07122024998941363,0.3333333333333333,1208.719970703125,2023-04-03,1313.6400146484375,0.08680260646664051
2023-03-01,NFLX,3,0.06918585468068172,0.3333333333333333,31.347999572753903,2023-04-03,34.827999114990234,0.11101185369611177
2023-04-03,NVDA,1,0.15857083601437533,0.3333333333333333,27.940261840820312,2023-05-01,28.884429931640625,0.033792385203810005
2023-04-03,META,2,0.09950576660772202,0.3333333333333333,211.4109649658203,2023-05-01,241.28648376464844,0.14131489728386715
2023-04-03,ASML,3,0.09587018513582435,0.3333333333333333,654.91357421875,2023-05-01,619.0274047851562,-0.05479527505045623
2023-05-01,META,1,0.17405415217875875,0.3333333333333333,241.28648376464844,2023-06-01,270.4873352050781,0.12102149687303787
2023-05-01,NVDA,2,0.13975770953772806,0.3333333333333333,28.884429931640625,2023-06-01,39.734825134277344,0.3756485839712198
2023-05-01,AMD,3,0.08198238058052294,0.3333333333333333,89.69000244140625,2023-06-01,119.47000122070312,0.3320325339354506
2023-06-01,NVDA,1,0.15797123442435843,0.3333333333333333,39.734825134277344,2023-07-03,42.3798713684082,0.0665674562601537
2023-06-01,META,2,0.14635745934464317,0.3333333333333333,270.4873352050781,2023-07-03,283.79296875,0.049191336573425115
2023-06-01,AMD,3,0.087009480558906,0.3333333333333333,119.47000122070312,2023-07-03,115.81999969482422,-0.03055161537276685
2023-07-03,NVDA,1,0.20041326662599254,0.3333333333333333,42.3798713684082,2023-08-01,46.47067642211914,0.09652707574663388
2023-07-03,META,2,0.15721115228649918,0.3333333333333333,283.79296875,2023-08-01,320.1972351074219,0.12827754865727936
2023-07-03,TSLA,3,0.15317853605916446,0.3333333333333333,279.82000732421875,2023-08-01,261.07000732421875,-0.06700736012159048
2023-08-01,NVDA,1,0.1617104748630895,0.3333333333333333,46.47067642211914,2023-09-01,48.47111129760742,0.043047251073283554
2023-08-01,META,2,0.13592322694407447,0.3333333333333333,320.1972351074219,2023-09-01,294.07232666015625,-0.08159005007804354
2023-08-01,TSLA,3,0.08907641351061252,0.3333333333333333,261.07000732421875,2023-09-01,245.0099945068359,-0.06151611585714689
2023-09-01,NVDA,1,0.1396916905764484,0.3333333333333333,48.47111129760742,2023-10-02,44.750709533691406,-0.07675503334497835
2023-09-01,ADBE,2,0.09789205744962937,0.3333333333333333,563.2100219726562,2023-10-02,521.1300048828125,-0.07471460991133916
2023-09-01,META,3,0.09498805766556523,0.3333333333333333,294.07232666015625,2023-10-02,304.4309387207031,0.035224708758528456
2023-10-02,NVDA,1,0.08715162044232848,0.3333333333333333,44.750709533691406,2023-11-01,42.29542922973633,-0.054865729047414824
2023-10-02,META,2,0.06217122372141561,0.3333333333333333,304.4309387207031,2023-11-01,309.42181396484375,0.01639411311187211
2023-10-02,MRVL,3,0.05515352846088828,0.3333333333333333,54.09947204589844,2023-11-01,47.324649810791016,-0.12522898983856268
2023-11-01,NVDA,1,0.0769017129350449,0.3333333333333333,42.29542922973633,2023-12-01,46.73232650756836,0.10490252395198807
2023-11-01,CRWD,2,0.07383519321475412,0.3333333333333333,178.35000610351562,2023-12-01,235.02999877929688,0.3178020226300624
2023-11-01,PDD,3,0.07383242099620187,0.3333333333333333,102.93000030517578,2023-12-01,145.27000427246094,0.4113475550544239
2023-12-01,PDD,1,0.15637955053566255,0.3333333333333333,145.27000427246094,2024-01-02,145.63999938964844,0.0025469477958681708
2023-12-01,CRWD,2,0.07496982089951604,0.3333333333333333,235.02999877929688,2024-01-02,246.88999938964844,0.05046164605348369
2023-12-01,ADBE,3,0.06915399271033384,0.3333333333333333,612.469970703125,2024-01-02,580.0700073242188,-0.05290049296900323
2024-01-02,PDD,1,0.1453553028900417,0.3333333333333333,145.63999938964844,2024-02-01,126.58999633789062,-0.1308019989810012
2024-01-02,CRWD,2,0.10166195736253825,0.3333333333333333,246.88999938964844,2024-02-01,299.3699951171875,0.21256428311101305
2024-01-02,INTU,3,0.05655031125798232,0.3333333333333333,593.3030395507812,2024-02-01,622.8356323242188,0.04977657420362802
2024-02-01,CRWD,1,0.1091485884293844,0.3333333333333333,299.3699951171875,2024-03-01,314.6000061035156,0.05087353854672827
2024-02-01,PDD,2,0.0733600013426259,0.3333333333333333,126.58999633789062,2024-03-01,126.8499984741211,0.0020538916482506497
2024-02-01,AMD,3,0.07316027523980904,0.3333333333333333,170.47999572753906,2024-03-01,202.63999938964844,0.18864385539701356
2024-03-01,CRWD,1,0.12577034867328543,0.3333333333333333,314.6000061035156,2024-04-01,319.5899963378906,0.015861379966830347
2024-03-01,AMD,2,0.11049437230552984,0.3333333333333333,202.63999938964844,2024-04-01,183.33999633789065,-0.0952428104514873
2024-03-01,NVDA,3,0.09216030787962369,0.3333333333333333,82.22872161865234,2024-04-01,90.31202697753906,0.0983027000757013
2024-04-01,NVDA,1,0.1356201543366856,0.3333333333333333,90.31202697753906,2024-05-01,82.99414825439453,-0.08102883932573579
2024-04-01,CRWD,2,0.11949288103331995,0.3333333333333333,319.5899963378906,2024-05-01,295.44000244140625,-0.07556555015242561
2024-04-01,AMD,3,0.10464358723043886,0.3333333333333333,183.33999633789065,2024-05-01,144.27000427246094,-0.2131013027480636
2024-05-01,NVDA,1,0.13874468672993806,0.3333333333333333,82.99414825439453,2024-06-03,114.93512725830078,0.3848582059785761
2024-05-01,MU,2,0.09715703799151798,0.3333333333333333,108.9358901977539,2024-06-03,127.27723693847656,0.16836826419123363
2024-05-01,CRWD,3,0.09556041747990812,0.3333333333333333,295.44000244140625,2024-06-03,308.69000244140625,0.04484836139489223
2024-06-03,NVDA,1,0.1590755311904761,0.3333333333333333,114.93512725830078,2024-07-01,124.24009704589844,0.08095845029767124
2024-06-03,MU,2,0.0918667322464201,0.3333333333333333,127.27723693847656,2024-07-01,130.60389709472656,0.026137117966019696
2024-06-03,QCOM,3,0.08389622386052181,0.3333333333333333,198.05194091796875,2024-07-01,192.39633178710935,-0.02855619139426613
2024-07-01,NVDA,1,0.17041036351311867,0.3333333333333333,124.24009704589844,2024-08-01,109.15736389160156,-0.12139988226767728
2024-07-01,MU,2,0.08013581805825247,0.3333333333333333,130.60389709472656,2024-08-01,100.89110565185548,-0.22750309986018635
2024-07-01,CRWD,3,0.07486873490801861,0.3333333333333333,392.1499938964844,2024-08-01,224.22000122070312,-0.42822898199536796
2024-08-01,NVDA,1,0.12121133456364465,0.3333333333333333,109.15736389160156,2024-09-03,107.9479522705078,-0.011079523890800136
2024-08-01,KLAC,2,0.058273427482615194,0.3333333333333333,745.3234252929688,2024-09-03,732.1611328125,-0.017659840055738174
2024-08-01,AVGO,3,0.05691759803161208,0.3333333333333333,144.5344696044922,2024-09-03,150.20689392089844,0.039246169664083785
2024-09-03,NVDA,1,0.07692343481105222,0.3333333333333333,107.9479522705078,2024-10-01,116.95362091064452,0.08342602569772994
2024-09-03,MELI,2,0.04978721251349503,0.3333333333333333,1990.1700439453125,2024-10-01,2066.1201171875,0.038162604986066384
2024-09-03,TXN,3,0.045145393833435375,0.3333333333333333,191.9698486328125,2024-10-01,191.7510986328125,-0.0011395018621825903
2024-10-01,TSLA,1,0.07379247509141058,0.3333333333333333,258.0199890136719,2024-11-01,248.97999572753903,-0.035036019188628975
2024-10-01,MELI,2,0.057709893895491506,0.3333333333333333,2066.1201171875,2024-11-01,2054.89990234375,-0.005430572380769161
2024-10-01,NVDA,3,0.056131274498286234,0.3333333333333333,116.95362091064452,2024-11-01,135.34632873535156,0.15726497120392313
2024-11-01,NVDA,1,0.07896041393877255,0.3333333333333333,135.34632873535156,2024-12-02,138.57504272460938,0.023855201832412076
2024-11-01,MELI,2,0.06238039099827029,0.3333333333333333,2054.89990234375,2024-12-02,1952.43994140625,-0.049861290479715104
2024-11-01,TSLA,3,0.05918695812350925,0.3333333333333333,248.97999572753903,2024-12-02,357.0899963378906,0.4342115931621162
2024-12-02,TSLA,1,0.1274937474203507,0.3333333333333333,357.0899963378906,2025-01-02,379.2799987792969,0.06214120437137449
2024-12-02,GILD,2,0.06679552794130857,0.3333333333333333,90.18846130371094,2025-01-02,88.87648010253906,-0.0145471070490244
2024-12-02,TMUS,3,0.06095808296797608,0.3333333333333333,239.9055023193359,2025-01-02,215.12315368652344,-0.10330045952770572
2025-01-02,TSLA,1,0.1372974289761927,0.3333333333333333,379.2799987792969,2025-02-03,383.6799926757813,0.01160091201920932
2025-01-02,MRVL,2,0.08393019223344488,0.3333333333333333,113.06788635253906,2025-02-03,113.1252899169922,0.0005076911429489073
2025-01-02,AVGO,3,0.075026775127594,0.3333333333333333,229.42124938964844,2025-02-03,215.32843017578125,-0.06142769796328662
2025-02-03,TSLA,1,0.10881417328221528,0.3333333333333333,383.6799926757813,2025-03-03,284.6499938964844,-0.2581057148397613
2025-02-03,CRWD,2,0.09718987051549487,0.3333333333333333,397.5700073242187,2025-03-03,382.7300109863281,-0.037326750168527045
2025-02-03,MRVL,3,0.09448272865545049,0.3333333333333333,113.1252899169922,2025-03-03,85.5014419555664,-0.24418808545547432
2025-03-03,TSLA,1,0.07573301919375984,0.3333333333333333,284.6499938964844,2025-04-01,268.4599914550781,-0.05687687612350312
2025-03-03,GILD,2,0.0678920505346079,0.3333333333333333,112.19833374023438,2025-04-01,108.39778900146484,-0.03387345080871418
2025-03-03,CRWD,3,0.061105633855597384,0.3333333333333333,382.7300109863281,2025-04-01,362.3800048828125,-0.05317065691052525
2025-04-01,GILD,1,0.05387948205400247,0.3333333333333333,108.39778900146484,2025-05-01,100.57577514648438,-0.07216027122910007
2025-04-01,NFLX,2,0.049126853442969465,0.3333333333333333,92.83799743652344,2025-05-01,113.34700012207033,0.22091173066900338
2025-04-01,TMUS,3,0.04861852108023588,0.3333333333333333,264.0289001464844,2025-05-01,242.85073852539065,-0.08021152839459611
2025-05-01,NFLX,1,0.07373932550107286,0.3333333333333333,113.34700012207033,2025-06-02,121.89800262451172,0.07544092471112851
2025-05-01,CRWD,2,0.06964540912802332,0.3333333333333333,431.8800048828125,2025-06-02,479.1700134277344,0.10949802725355084
2025-05-01,TSLA,3,0.04179920942053781,0.3333333333333333,280.5199890136719,2025-06-02,342.69000244140625,0.2216241831690089
2025-06-02,AVGO,1,0.08988050862790355,0.3333333333333333,246.7110137939453,2025-07-01,263.2302551269531,0.06695785923365705
2025-06-02,CRWD,2,0.058596300338419026,0.3333333333333333,479.1700134277344,2025-07-01,492.0700073242187,0.026921538357971286
2025-06-02,NFLX,3,0.056029137960969,0.3333333333333333,121.89800262451172,2025-07-01,129.36000061035156,0.0612150964345608
2025-07-01,MELI,1,0.0779727317606922,0.3333333333333333,2501.39990234375,2025-08-01,2375.919921875,-0.05016390236170487
2025-07-01,MU,2,0.07624679784263068,0.3333333333333333,120.60132598876952,2025-08-01,104.72804260253906,-0.1316178180968639
2025-07-01,CRWD,3,0.07384651741417836,0.3333333333333333,492.0700073242187,2025-08-01,446.6600036621094,-0.09228362425306125
2025-08-01,AMD,1,0.08317393378394224,0.3333333333333333,171.6999969482422,2025-09-02,162.32000732421875,-0.05463010943937863
2025-08-01,NVDA,2,0.07479472359048965,0.3333333333333333,173.69113159179688,2025-09-02,170.75161743164062,-0.016923801078483347
2025-08-01,AVGO,3,0.059586623739656876,0.3333333333333333,286.9939880371094,2025-09-02,296.53924560546875,0.03325943387749697
2025-09-02,AMD,1,0.0933699529292716,0.3333333333333333,162.32000732421875,2025-10-01,164.00999450683594,0.010411453341309995
2025-09-02,AVGO,2,0.07813109886733922,0.3333333333333333,296.53924560546875,2025-10-01,332.0567626953125,0.1197734115001361
2025-09-02,NVDA,3,0.06460495289541072,0.3333333333333333,170.75161743164062,2025-10-01,187.21945190429688,0.09644321219533425
2025-10-01,MU,1,0.1334425467657554,0.3333333333333333,181.8860626220703,2025-11-03,234.5067138671875,0.2893055712270509
2025-10-01,AVGO,2,0.12299257324535573,0.3333333333333333,332.0567626953125,2025-11-03,361.1001281738281,0.08746506242718843
2025-10-01,LRCX,3,0.11514545355594115,0.3333333333333333,142.3847198486328,2025-11-03,160.78236389160156,0.12921080339608793
2025-11-03,MU,1,0.20887797657002402,0.3333333333333333,234.5067138671875,2025-12-01,240.261962890625,0.024541937109301637
2025-11-03,AMD,2,0.1936194165320225,0.3333333333333333,259.6499938964844,2025-12-01,219.7599945068359,-0.1536298876461809
2025-11-03,LRCX,3,0.1468321632901314,0.3333333333333333,160.78236389160156,2025-12-01,154.35064697265625,-0.040002626925435325
2025-12-01,MU,1,0.18041947220398927,0.3333333333333333,240.261962890625,2026-01-02,315.2875671386719,0.3122658424388256
2025-12-01,AMD,2,0.14560044655036217,0.3333333333333333,219.7599945068359,2026-01-02,223.47000122070312,0.016882084121784047
2025-12-01,LRCX,3,0.12407843876700232,0.3333333333333333,154.35064697265625,2026-01-02,184.8385467529297,0.19752362803943724
2026-01-02,MU,1,0.16418817852077877,0.3333333333333333,315.2875671386719,2026-02-02,437.61614990234375,0.3879905061713662
2026-01-02,LRCX,2,0.10595578415216576,0.3333333333333333,184.8385467529297,2026-02-02,237.21578979492188,0.2833675332451293
2026-01-02,GOOGL,3,0.10246330967907295,0.3333333333333333,314.9283142089844,2026-02-02,343.4482421875,0.09056006301037134
2026-02-02,MU,1,0.25873439842011,0.3333333333333333,437.61614990234375,2026-03-02,412.4967346191406,-0.05740056734379806
2026-02-02,LRCX,2,0.17087426029067374,0.3333333333333333,237.21578979492188,2026-03-02,230.72357177734375,-0.02736840588558964
2026-02-02,ASML,3,0.13479548504784233,0.3333333333333333,1436.35400390625,2026-03-02,1420.4375,-0.011081184626466789
2026-03-02,MU,1,0.24265367032794397,0.3333333333333333,412.4967346191406,2026-04-01,367.8500061035156,-0.10823535017034125
2026-03-02,LRCX,2,0.16184971009072951,0.3333333333333333,230.72357177734375,2026-04-01,222.0099945068359,-0.0377663071154114
2026-03-02,AMAT,3,0.1543124075234266,0.3333333333333333,372.1799926757813,2026-04-01,353.79998779296875,-0.04938472041624231
2026-04-01,MU,1,0.1449330261975079,0.3333333333333333,367.8500061035156,2026-05-01,542.2100219726562,0.47399758862604036
2026-04-01,AMAT,2,0.09505814462589963,0.3333333333333333,353.79998779296875,2026-05-01,389.0799865722656,0.0997173544277834
2026-04-01,LRCX,3,0.09101075906215277,0.3333333333333333,222.0099945068359,2026-05-01,256.7200012207031,0.15634434292460853
